Sterne,sstebbings0@accuweather.com
Christi,cbalharry1@census.gov
Ethelbert,eonoland2@sakura.ne.jp
Nigel,nwillcock3@quantcast.com
Gerti,gbesemer4@examiner.com
Virgie,vboffey5@istockphoto.com
Catha,cmoulin6@quantcast.com
Hesther,hsmethurst7@hc360.com
Mathilde,mlogie8@weather.com
Amelia,alinebarger9@bing.com
Norry,nbottona@nps.gov
Andi,anormavellb@whitehouse.gov
Pavlov,pcorssc@opera.com
Elvis,ebehnecked@clickbank.net
Loralyn,lberthone@sciencedaily.com
Trip,tasiff@princeton.edu
Hanny,hlockerg@wikispaces.com
Shir,slowndesbroughh@xing.com
Phebe,pibesoni@naver.com
Delmor,dverlingj@bigcartel.com
Lesley,lfullalovek@jugem.jp
Shel,sspendlovel@weather.com
Abel,asallem@cbslocal.com
Deva,dpendren@va.gov
Matthias,mcadamyo@howstuffworks.com
Tessa,tjagerp@blinklist.com
Kiley,koldingq@google.com.br
Marisa,mclellr@godaddy.com
Etienne,etourots@indiegogo.com
Clair,csevert@fotki.com
Tine,tkeebleu@salon.com
Keenan,karcasev@rambler.ru
Leann,ldraperw@histats.com
Hulda,hlardeuxx@fda.gov
Franny,fheinritzy@statcounter.com
Eydie,eleghornz@tinyurl.com
Anjela,askilton10@guardian.co.uk
Sheba,sellacombe11@163.com
Myrtice,mrucklesse12@google.cn
Margo,mreddoch13@1und1.de
Amity,apotticary14@dyndns.org
Hashim,hbrittlebank15@bluehost.com
Cynthea,cpatillo16@yellowbook.com
Justinian,jbrattell17@etsy.com
Dorian,dzimmer18@myspace.com
Iosep,ilangstone19@opera.com
Iorgo,irainger1a@jigsy.com
Owen,ogittis1b@slashdot.org
Darrelle,dhazelgreave1c@rambler.ru
Ransom,rmeah1d@google.es
Prentiss,peastam1e@wired.com
Cynthia,ctrundle1f@mail.ru
Celene,cengelmann1g@ca.gov
Ebba,eknoles1h@xrea.com
Barbra,bgrebert1i@home.pl
Shandra,scandlish1j@ft.com
Lani,ldowsing1k@ucoz.com
Jerrilyn,jleeman1l@cbslocal.com
Saraann,ssandom1m@blogspot.com
Clarissa,cbicker1n@sphinn.com
Adiana,astubbe1o@forbes.com
Lief,lkynett1p@is.gd
Remus,reynald1q@java.com
Erie,eeloi1r@oakley.com
Bernhard,bboullen1s@artisteer.com
Kora,kmulvenna1t@ifeng.com
Marlee,mletts1u@behance.net
Willdon,wstarzaker1v@stanford.edu
Hyman,hedscer1w@usda.gov
Morlee,maysh1x@mysql.com
Ezekiel,eterram1y@webmd.com
Jacques,jpolhill1z@xinhuanet.com
Anselm,acourson20@parallels.com
Bruno,bcartin21@redcross.org
Alicia,acherrison22@canalblog.com
Chrysa,cheaselgrave23@jugem.jp
Nelson,ntenney24@moonfruit.com
Derwin,dferreres25@scribd.com
Renie,rgumary26@godaddy.com
Helge,hbrasse27@marriott.com
Hiram,hamorine28@furl.net
Donnell,dplatts29@census.gov
Nero,nlapenna2a@google.com
Willi,wbulman2b@amazonaws.com
Ernaline,esedgwick2c@sourceforge.net
Barny,bjeaves2d@mapy.cz
Antony,amedmore2e@mit.edu
Maddie,mpourvoieur2f@dailymotion.com
Ware,wkennard2g@state.tx.us
Pansie,pmcclintock2h@bloglovin.com
Boniface,bfirsby2i@time.com
Skye,sjacobsz2j@va.gov
Sholom,svarlow2k@infoseek.co.jp
Agatha,athorold2l@github.io
Amelia,agimbart2m@china.com.cn
Alfred,asalsbury2n@a8.net
Rodina,rkoene2o@google.ru
Casper,cinsoll2p@mayoclinic.com
Alvina,acleave2q@histats.com
Ailee,amattaus2r@mediafire.com
Ingaborg,imelland2s@wikipedia.org
Cristal,chelwig2t@time.com
Annemarie,amorcombe2u@qq.com
Cory,cdoddemeade2v@deliciousdays.com
Amby,amortel2w@ox.ac.uk
Sibyl,skemme2x@a8.net
Emmey,eidel2y@freewebs.com
Merwyn,mknowler2z@wunderground.com
Gale,gtivnan30@nasa.gov
Yolane,yhobgen31@blogs.com
Louie,lconstantinou32@ed.gov
Lief,ljoint33@typepad.com
Salvador,sfetter34@army.mil
Agatha,abrugh35@bbb.org
Emalee,edesson36@wordpress.org
James,jlidington37@blog.com
Henryetta,hwerrit38@nymag.com
Anastassia,afrancello39@craigslist.org
Torry,tscrauniage3a@ehow.com
Bernardina,bbridgstock3b@va.gov
Madeline,mkentish3c@creativecommons.org
Orlando,oyuranovev3d@mtv.com
Conroy,cluff3e@comcast.net
Gar,gcullimore3f@nbcnews.com
Sofie,scoulbeck3g@wufoo.com
Kincaid,kfisbburne3h@webmd.com
Judah,jwaldocke3i@histats.com
Carmina,ccurnnok3j@shareasale.com
Carlynn,cbowdon3k@state.tx.us
Jo-anne,jbeenham3l@goodreads.com
Dorelia,dpoulgreen3m@moonfruit.com
Hazel,hbroke3n@weibo.com
Kinny,kcrowden3o@upenn.edu
Carley,cdimont3p@networksolutions.com
Fransisco,fpercifer3q@opera.com
Keven,kwilds3r@infoseek.co.jp
Cristina,cmariot3s@epa.gov
Franni,fbreem3t@geocities.jp
Lilly,lbartlosz3u@wiley.com
Reagan,rnaris3v@dailymail.co.uk
Waite,wascrofte3w@squarespace.com
Harriott,hanespie3x@auda.org.au
Tomlin,tjindracek3y@yale.edu
Demetria,dmorfett3z@diigo.com
Guillermo,gchristescu40@google.ca
Vanny,vthoday41@independent.co.uk
Tawnya,twheaton42@reuters.com
Thornton,tmarthen43@g.co
Elora,eashenhurst44@hc360.com
Moyna,mcarpmile45@t-online.de
Joshua,jsyder46@odnoklassniki.ru
Abner,ahookes47@nsw.gov.au
Theresita,thambleton48@mapy.cz
Thia,teisikowitz49@51.la
Joe,javard4a@buzzfeed.com
Idette,igirault4b@sfgate.com
Justen,jrichardson4c@miitbeian.gov.cn
Thacher,tschwander4d@t.co
Elvyn,ewayon4e@illinois.edu
Johann,jtonkes4f@unesco.org
Mari,mmonkeman4g@walmart.com
Isabelita,itorpie4h@nhs.uk
Egbert,enaish4i@imdb.com
Tadeas,tlyman4j@desdev.cn
Marje,mrosevear4k@wiley.com
Mayor,mtimmons4l@redcross.org
Ruperto,rstonier4m@narod.ru
Sascha,spallister4n@jimdo.com
Goddard,gspoward4o@icq.com
Winifred,wwinterscale4p@npr.org
Katalin,kpatroni4q@rakuten.co.jp
Marchelle,mgollop4r@mozilla.com
Charyl,cpavelka4s@arizona.edu
Trude,tbakesef4t@4shared.com
Taite,tbagger4u@a8.net
Florrie,fadicot4v@woothemes.com
Rolando,rpinke4w@liveinternet.ru
Aleksandr,aklausewitz4x@google.com
Adolphe,aespinheira4y@cloudflare.com
Lizette,lbeckey4z@multiply.com
Tamra,trobrose50@usgs.gov
Nancey,nbarbisch51@umich.edu
Korry,kgalvan52@taobao.com
Tiebout,tcouthard53@is.gd
Adrian,aviccars54@aol.com
Marco,mmachan55@house.gov
Barnett,bmoulton56@lulu.com
Cam,cwadesworth57@cdbaby.com
Jessie,jleithharvey58@earthlink.net
Deeann,dbazire59@is.gd
Yorke,ybenesevich5a@pcworld.com
Pru,piacomettii5b@linkedin.com
Clair,cbeare5c@canalblog.com
Shelba,smuncie5d@sourceforge.net
Shanna,srany5e@wordpress.org
Garwood,glakes5f@go.com
Zebulon,zgooms5g@devhub.com
Carmon,camy5h@ask.com
Leontyne,litzkovwitch5i@sbwire.com
Simmonds,smcconigal5j@bbc.co.uk
Adelle,asimonelli5k@slideshare.net
Tammi,tburr5l@buzzfeed.com
Gael,gfidock5m@creativecommons.org
Janenna,jkelley5n@skyrock.com
Sinclare,sklimochkin5o@odnoklassniki.ru
Almira,ahubbert5p@google.de
Hazel,hcolloff5q@bing.com
Erhard,erottery5r@photobucket.com
Jammie,jmoyler5s@hp.com
Jacob,jotter5t@who.int
Roderich,rslobom5u@cnbc.com
Illa,iairey5v@dot.gov
Geoff,ghaswell5w@shop-pro.jp
Coralyn,cdickman5x@sohu.com
Berky,bskewis5y@bbb.org
Marris,mcotta5z@stumbleupon.com
Daryn,dmoggan60@deliciousdays.com
Kacie,kroderigo61@exblog.jp
Dasi,dbrettell62@artisteer.com
Adriena,afyfe63@linkedin.com
Erinn,elarvor64@wikia.com
Tamar,tpeever65@tmall.com
Raye,reinchcombe66@artisteer.com
Arne,akivlehan67@soup.io
Alverta,athurlbeck68@over-blog.com
Gianni,gdoche69@de.vu
Kristien,kranderson6a@upenn.edu
Caye,cstillmann6b@irs.gov
Tyrone,tkordt6c@upenn.edu
Mose,mwathey6d@t.co
Simonne,sginley6e@independent.co.uk
Melisenda,medgcumbe6f@blogspot.com
Virge,vkaroly6g@furl.net
Chickie,cmees6h@nhs.uk
Oralie,osoan6i@discuz.net
Tybalt,tfleeming6j@joomla.org
Ned,nbremley6k@illinois.edu
Jessi,jrighy6l@comsenz.com
Ayn,afloyed6m@acquirethisname.com
Boy,bdrohane6n@domainmarket.com
Harcourt,hshone6o@ftc.gov
Maudie,mbrugmann6p@zimbio.com
Michaella,mwenderott6q@unblog.fr
Maia,mswyersexey6r@google.nl
Vin,vmatis6s@people.com.cn
Urson,usolloway6t@sphinn.com
Vic,vrogge6u@harvard.edu
Brandie,bdiclaudio6v@china.com.cn
Kathrine,kpantling6w@auda.org.au
Dylan,dbellward6x@hubpages.com
Merrel,mgreensite6y@reverbnation.com
Mareah,mbeazer6z@phpbb.com
Sibbie,sbottle70@cam.ac.uk
Rem,rforshaw71@timesonline.co.uk
Kinnie,kmckerley72@tuttocitta.it
Genvieve,graunds73@blogspot.com
Livvy,lpevreal74@twitpic.com
Isabelle,igrime75@vkontakte.ru
Daloris,dyuryatin76@disqus.com
Evvy,ebavister77@trellian.com
Kelli,kboomes78@delicious.com
Toby,tguyton79@rediff.com
Parsifal,pestcot7a@pbs.org
Dacey,dchilds7b@paginegialle.it
Lorrie,lcale7c@reddit.com
Mychal,mcornillot7d@furl.net
Latisha,lsugars7e@webmd.com
Maryann,mhallibone7f@skype.com
Clarie,cgayler7g@digg.com
Ludovika,lbakeup7h@elegantthemes.com
Glad,gsiemon7i@nydailynews.com
Leda,lcrellim7j@shareasale.com
Dalenna,dfilipyev7k@yale.edu
Alvina,achattaway7l@ca.gov
Milli,mrenon7m@google.com.br
Brendis,bgrainger7n@icio.us
Tabina,tedgson7o@pagesperso-orange.fr
Jesus,jlowy7p@netscape.com
Denney,dmackintosh7q@ed.gov
Bobby,btrazzi7r@house.gov
Harman,hvine7s@posterous.com
Hans,hasquith7t@twitpic.com
Arron,akarys7u@slideshare.net
Sheila,sgregine7v@wp.com
Pall,pnapper7w@google.ca
Coleen,cagates7x@unblog.fr
Susette,stapenden7y@so-net.ne.jp
Antony,awessell7z@tuttocitta.it
Clem,cboggas80@squidoo.com
Rory,rdavidou81@issuu.com
Olivette,oilyinykh82@reverbnation.com
Tobe,tgerlack83@europa.eu
Rowena,rplunket84@facebook.com
Clayton,chinemoor85@boston.com
Ula,utryme86@webs.com
Burch,bfairfull87@jimdo.com
Cobbie,cbolwell88@quantcast.com
Fleur,fpittendreigh89@photobucket.com
Sib,shumfrey8a@symantec.com
Lisabeth,lbliven8b@t-online.de
Jacquelynn,jtollow8c@slideshare.net
Martino,mfransinelli8d@ft.com
Lottie,lchurchman8e@nymag.com
Loren,lkesey8f@de.vu
Jamil,jalu8g@miitbeian.gov.cn
Katleen,kmeaking8h@elegantthemes.com
Daisey,deasum8i@vinaora.com
Saidee,sgange8j@google.co.uk
Fedora,fdanton8k@addthis.com
Arabella,aashburne8l@google.com.au
Bron,bmazey8m@hibu.com
Adda,adoppler8n@dion.ne.jp
Margette,mmacfadden8o@oracle.com
Euphemia,ejephcott8p@thetimes.co.uk
Jonell,jrosenwasser8q@auda.org.au
Alistair,aedyson8r@woothemes.com
Holmes,hbusst8s@sphinn.com
Randy,rtysall8t@va.gov
Marta,mleaton8u@usda.gov
Kippie,kuttermare8v@vinaora.com
Lev,levennett8w@netscape.com
Salome,sladley8x@state.tx.us
Jo-anne,jjordon8y@i2i.jp
Beverie,bkeen8z@alibaba.com
Sunny,sfairweather90@gizmodo.com
Jose,jnorthill91@soundcloud.com
Herman,hplayer92@cloudflare.com
Jakie,jgormley93@booking.com
Dominik,djumont94@comsenz.com
Selle,scranson95@over-blog.com
Normy,ndedden96@miitbeian.gov.cn
Goldie,gbrandenberg97@npr.org
Wyn,wkabsch98@indiegogo.com
Waldo,wrauprich99@163.com
Sidonnie,selleton9a@dedecms.com
Felisha,flaxe9b@zimbio.com
Crawford,cgiacoppo9c@1688.com
Freda,fstrahan9d@nature.com
Elnar,edockreay9e@ucsd.edu
Pail,pellerby9f@va.gov
Rorie,rjaffra9g@opera.com
Hamnet,hforsythe9h@aol.com
Terence,thenkens9i@creativecommons.org
Burnard,bcreany9j@privacy.gov.au
Dawn,dklassman9k@miitbeian.gov.cn
Pasquale,pmckinlay9l@irs.gov
Massimiliano,mliptrot9m@cbc.ca
Elizabeth,etorfin9n@ebay.com
Cross,cfitchett9o@hhs.gov
Kamila,keite9p@vistaprint.com
Dionisio,dgainor9q@google.es
Broddie,bdashkovich9r@addthis.com
Ashly,adyball9s@sphinn.com
Charin,cguerro9t@de.vu
Windy,wrayner9u@ycombinator.com
Trey,tjursch9v@phpbb.com
Diena,dzukierman9w@chron.com
Mohandas,mvella9x@xinhuanet.com
Georgia,gmccritchie9y@ucsd.edu
Ertha,emccaughey9z@biglobe.ne.jp
Fawn,fcurringtona0@walmart.com
Simonette,sacea1@hubpages.com
Daffi,datleea2@hexun.com
Dukey,dsatforda3@xing.com
Joelie,jpullina4@oracle.com
Tanya,tcollibera5@squarespace.com
Bengt,bbeneta6@dot.gov
Joey,jgulliforda7@icio.us
Edan,esearchwella8@thetimes.co.uk
Gray,gbedminstera9@hostgator.com
Verna,vrymillaa@freewebs.com
Margarette,mweaversab@typepad.com
Fleming,fsheekeyac@gmpg.org
Auroora,acrosfieldad@google.com
Ches,cfarrerae@homestead.com
Aldin,amcgillaf@discovery.com
Anatollo,asiseyag@histats.com
Callie,chousleyah@sitemeter.com
Melita,mganfordai@list-manage.com
Ynez,yrollingsaj@ca.gov
Carmel,cbeaconak@chronoengine.com
Evangelia,espadollinial@123-reg.co.uk
Stanwood,srappportam@smh.com.au
Denny,deckhan@xrea.com
Jedd,jgovanao@google.co.jp
Gladys,gcomettiap@skype.com
Tyson,tautonaq@uol.com.br
Justine,jlarventar@nhs.uk
Beryle,bduntonas@dot.gov
Trenna,tduerdenat@cyberchimps.com
Bram,bduerdenau@purevolume.com
Evin,eakehurstav@plala.or.jp
Krystal,ksandelandaw@facebook.com
Tommy,tbosankoax@dailymotion.com
Marje,mstowellay@oracle.com
Othello,obeausangaz@ft.com
Wright,wtrewhellab0@bandcamp.com
Don,dbladerb1@eepurl.com
Amandi,akeableb2@aboutads.info
Bobbe,bbrimmanb3@google.com.br
Seth,ssolmanb4@booking.com
Joete,jserrisb5@ifeng.com
Jobi,jwrideb6@businessinsider.com
Mayor,mtoyb7@dmoz.org
Britteny,bnezeyb8@networkadvertising.org
Irvine,ijorckb9@gmpg.org
Babbie,blammieba@imdb.com
Cyrille,cgissingbb@so-net.ne.jp
Lorine,lgrouerbc@blinklist.com
Ericha,emarchingtonbd@berkeley.edu
Nesta,nmellingbe@salon.com
Karlens,kwinchbf@ucoz.com
Rici,rhardeybg@g.co
Hernando,hkorbbh@cmu.edu
Rockwell,rbarajabi@admin.ch
Yancy,ygairdnerbj@networksolutions.com
Lynna,lseaversbk@fastcompany.com
Florenza,fleivesleybl@mlb.com
Dougy,dranyellbm@1688.com
Michal,mjakoubbn@house.gov
Jeffie,jskepperbo@forbes.com
Sherwood,salexanderssonbp@yandex.ru
Brit,bheningambq@oracle.com
Karola,kcrevybr@skype.com
Carol-jean,cmatusbs@google.fr
Dusty,djenkynbt@npr.org
Thibaud,tdimentbu@issuu.com
Roslyn,rllopbv@answers.com
Joscelin,jscrowtonbw@whitehouse.gov
Antonia,afairpobx@elegantthemes.com
Milli,mgillieby@goodreads.com
Efren,esprullbz@gizmodo.com
Hart,hyitzhakc0@abc.net.au
Kristoffer,kenglefieldc1@last.fm
Wenda,wpenleyc2@msn.com
Rosie,reggletonc3@nsw.gov.au
Ariella,amclindenc4@google.co.uk
Heath,hdrydalec5@chronoengine.com
Augustus,afisbeyc6@state.tx.us
Myrwyn,mstutelyc7@businessinsider.com
Ynez,ymaplec8@yahoo.co.jp
Constantino,cmeiningerc9@pen.io
Arlyn,agadsdenca@artisteer.com
Brice,bcasocb@pcworld.com
Travus,tgamecc@posterous.com
Jeralee,jdominguescd@marketwatch.com
Wallache,wsynckece@cbc.ca
Brendan,bmaffioletticf@storify.com
Bianka,bdewscg@livejournal.com
Dixie,dgeatorch@skyrock.com
Ranna,rlameyci@123-reg.co.uk
Steve,skinglakecj@indiegogo.com
Dorene,dwyethck@addtoany.com
Quint,qharrowingcl@walmart.com
Freddy,felkscm@pinterest.com
Sergio,soxendencn@deliciousdays.com
Fredericka,fyeabsleyco@addtoany.com
Gwenora,gmacallamcp@goo.ne.jp
Dedra,dpaddencq@cisco.com
Reynard,rlodwickcr@indiegogo.com
Cahra,csatyfordcs@mozilla.org
Ivonne,iperottict@devhub.com
Emmalyn,ebristoecu@joomla.org
Sarene,swhittiercv@cnbc.com
Georgette,gsalzencw@go.com
Hasheem,hgrossmancx@bloglines.com
Davidde,djunifercy@merriam-webster.com
Klemens,kferoncz@dagondesign.com
Roz,rwyburnd0@newyorker.com
Hamlin,hbolled1@woothemes.com
Raimund,rlillicod2@chicagotribune.com
Franky,fmosend3@github.com
Rosemaria,regleofgermanyd4@wufoo.com
Norton,nbrimfieldd5@tuttocitta.it
Devi,dhinkend6@archive.org
Meriel,mbeiderbeckd7@etsy.com
Hillary,hbrewsed8@facebook.com
Vilhelmina,vlamberthd9@nyu.edu
Joli,josgoodda@ucla.edu
Norrie,nvasyunindb@independent.co.uk
Dulcea,dcraufurddc@answers.com
Nichols,nfacedd@cmu.edu
Raff,rlaverenzde@sakura.ne.jp
Shellie,sterneydf@vimeo.com
Niki,nmorlanddg@weibo.com
Jedidiah,jmctiernandh@bloomberg.com
Haily,hpottiedi@bravesites.com
Abbey,agwillymdj@phoca.cz
Vince,vvelldendk@earthlink.net
Lowell,lwimmersdl@wikia.com
Ashbey,adownedm@smh.com.au
Daniele,dreadingsdn@eventbrite.com
Roland,rmerseydo@chronoengine.com
Slade,skelldp@princeton.edu
Gabriele,ghenstridgedq@weather.com
Janith,jtreamaynedr@51.la
Alessandra,aelphds@naver.com
Tadeo,tduckworthdt@e-recht24.de
Aprilette,acysterdu@arstechnica.com
Veronique,vsheendv@ibm.com
Pierson,pklaggemandw@marriott.com
Lorinda,lwisedx@joomla.org
Janine,jantonazzidy@1und1.de
Anna,afalcodz@irs.gov
Byram,bhavilee0@statcounter.com
Vasili,vgastickee1@netscape.com
Eduino,emarione2@so-net.ne.jp
Emmalee,eharradinee3@webeden.co.uk
Junette,jluxforde4@springer.com
Lorens,lnuccie5@mail.ru
Mame,mjusthame6@kickstarter.com
Amalee,aculligane7@gnu.org
Angelo,aendse8@jigsy.com
Rozina,rmcginlaye9@cornell.edu
Bevon,bgiaomozzoea@webnode.com
Merilee,mlehrleeb@about.me
Dwight,dloveardec@geocities.com
Delia,dcahned@domainmarket.com
Aime,aredsallee@indiatimes.com
Dianne,dmapowderef@paypal.com
Remy,rzukiermaneg@alibaba.com
Vannie,vcarstairseh@thetimes.co.uk
Baillie,bmcpolinei@youtu.be
Stirling,snewissej@ucoz.com
Sherill,sspringtorpeek@princeton.edu
Evyn,ehassenel@com.com
Gallard,gnajaraem@symantec.com
Carola,ccolebyen@cpanel.net
Dewie,dohannayeo@eepurl.com
Adam,abuchettep@studiopress.com
Raddy,rneilandeq@stanford.edu
Michaela,mpearmainer@g.co
Alwyn,aobernes@opera.com
Dana,dcauleyet@apple.com
Kristopher,kstrethilleu@amazon.de
Linet,lsheltonev@desdev.cn
Johannah,jvolantew@wikimedia.org
Atlanta,apauluzziex@hostgator.com
Paulie,pscoweney@usda.gov
Gilemette,gpendrickez@google.co.uk
Rosina,rghelarduccif0@hibu.com
Patrizio,ppranglef1@miitbeian.gov.cn
Roselin,rfoulcherf2@chicagotribune.com
Berk,bwealef3@addtoany.com
Verge,vhebblethwaitef4@acquirethisname.com
Hasty,hbrundillf5@angelfire.com
Barrett,bcollinf6@bing.com
Reggy,rgissopf7@theatlantic.com
Marje,mbuntonf8@si.edu
Felicio,fmullengerf9@gmpg.org
Nikolai,ngilburtfa@wiley.com
Gennie,gborefb@4shared.com
Peder,psommerlinfc@behance.net
Tera,tbleasbyfd@comcast.net
Darb,drodwellfe@artisteer.com
Stearne,srowsonff@phpbb.com
Hoebart,hrosinfg@mlb.com
Gaye,gstobbiefh@sphinn.com
Morey,msleathfi@technorati.com
Manfred,mjudronfj@live.com
Camille,cschieferstenfk@csmonitor.com
Lyell,ldudgeonfl@issuu.com
Julina,jpowisfm@freewebs.com
Vale,vtomasuttifn@weather.com
Garner,gchinnickfo@redcross.org
Mommy,mtuttonfp@home.pl
Ettie,ereithfq@homestead.com
Vilhelmina,vgwionethfr@skype.com
Shell,sendlefs@wordpress.com
Cynthie,cbresmanft@accuweather.com
Boniface,bdrewcliftonfu@stanford.edu
Donella,dtrumblefv@walmart.com
Eddi,egarradfw@quantcast.com
Steffie,sspittallfx@state.tx.us
Duncan,dusherfy@github.io
Berkly,bcardallfz@mozilla.org
Meghann,mklemmtg0@constantcontact.com
Ange,abecconsallg1@uiuc.edu
Ailee,ariddallg2@miitbeian.gov.cn
Rickard,rinchcombg3@cnn.com
Jacintha,jsimmellg4@alibaba.com
Odo,opaddleg5@eepurl.com
Lou,larrowg6@hugedomains.com
Wildon,wbridywaterg7@nbcnews.com
Rodolph,rlydallg8@unc.edu
Celinda,cveiversg9@ucoz.com
Marley,mduckga@wsj.com
Giffy,gwoodnuttgb@nba.com
Matelda,mbernuzzigc@apple.com
Amelita,adurtnalgd@yellowbook.com
Hildagarde,hfortesquieuge@bloglines.com
Abey,amingusgf@discovery.com
Ransom,rstarkeygg@eepurl.com
Hollie,hkillingworthgh@mapy.cz
Vita,vsedgemondgi@indiatimes.com
Gilemette,gdallaghangj@hostgator.com
Felicio,fletessiergk@goo.gl
Solomon,spilchergl@google.es
Konrad,kcolviegm@lulu.com
Salomi,spatelgn@weebly.com
Kelly,khryskiewiczgo@gov.uk
Erda,eviscogp@twitpic.com
Garland,gkeemergq@webnode.com
Nicol,ndodgr@archive.org
Lena,ltillgs@163.com
Reine,rshorthillgt@alibaba.com
Desiree,dmacailinegu@dagondesign.com
Emanuele,emormangv@nhs.uk
Sarena,sgartsidegw@sciencedaily.com
Crawford,cericssengx@unesco.org
Giulietta,gwillcocksgy@statcounter.com
Sisile,sivanishchevgz@bloglines.com
Eddie,eespineh0@elegantthemes.com
Jonis,jharrish1@bbc.co.uk
Alane,atutsellh2@weibo.com
Briano,bfulkesh3@comcast.net
Yorgo,yconforth4@biglobe.ne.jp
Lonnard,lpyrtonh5@com.com
Dorolisa,dchelsomh6@intel.com
Raina,rsmailh7@yale.edu
Andreana,arolinh8@nymag.com
Layney,lbrodleyh9@gmpg.org
Althea,ahecknerha@surveymonkey.com
Hyacinthe,haslinghb@opera.com
Millicent,mfleyhc@yahoo.co.jp
Carine,cguerrehd@instagram.com
Corella,cgregrhe@amazonaws.com
Nelli,nsergisonhf@google.de
Celestyn,crewbottomhg@nyu.edu
Meggi,mmaccambridgehh@yandex.ru
Edgard,eranshawhi@paypal.com
Rosalinde,rheeneyhj@china.com.cn
Rickard,rlivetthk@zdnet.com
Garret,gwattinshl@delicious.com
Robert,ranelayhm@spotify.com
Eugine,ewainhn@mediafire.com
Powell,pmccathieho@scientificamerican.com
Chickie,ctamblingsonhp@t-online.de
Toby,tleninhq@devhub.com
Joelynn,jloxdalehr@theguardian.com
Dacie,dwhittenhs@ucla.edu
Devonne,dturnockht@slate.com
Elisa,eguyshu@ow.ly
Bobby,boliverhv@nature.com
Kennan,keringeyhw@economist.com
Loretta,lnoarhx@amazon.com
Lorne,lforbeshy@vistaprint.com
Cristi,cfurleyhz@sfgate.com
Tonye,tcolquiti0@yellowpages.com
Beverley,bgeertzi1@europa.eu
Chevalier,cdicksoni2@chron.com
Chelsea,ceynaudi3@cdc.gov
Arlana,adowalli4@hud.gov
Cody,cchicchettoi5@fc2.com
Clarance,cdunneti6@tumblr.com
Nicolette,nsaladini7@opensource.org
Gordie,gbergini8@devhub.com
Bruce,bikringilli9@samsung.com
Zack,zhalledayia@aol.com
Dolly,dbarkeib@webeden.co.uk
Yehudit,ylindroosic@feedburner.com
Aimil,ameddickid@narod.ru
Darryl,dclaremontie@gnu.org
Terrance,tboolif@multiply.com
Westbrook,wtrusseig@wired.com
Kerwin,kdurrandih@home.pl
Diannne,dlayfieldii@wired.com
Valle,vtimmsij@google.co.uk
Emanuel,egayterik@unblog.fr
Dunstan,dcayleyil@discuz.net
Ansell,astanmerim@ocn.ne.jp
Rodrique,rwardingleyin@umich.edu
Damiano,drhodusio@census.gov
Lorrie,lburyip@forbes.com
Janeen,jsweynsoniq@topsy.com
Forster,fpresdeeir@unicef.org
Decca,dmedlenis@slate.com
Gage,gkierait@cisco.com
Gates,gsealeiu@dyndns.org
Noach,nmcdougaliv@spotify.com
Darnall,dmachostieiw@weebly.com
Gabriellia,gknudsenix@parallels.com
Shelley,sworrelliy@angelfire.com
Napoleon,nfiveashiz@army.mil
Marv,mnorssisterj0@intel.com
Zacharie,zfeversj1@multiply.com
Donavon,dabadj2@lycos.com
Hulda,hjovisj3@nytimes.com
Sayre,smcindrewj4@freewebs.com
Patric,pfoxallj5@behance.net
Daisi,dkinkadej6@vimeo.com
Alejandro,aaugustinj7@example.com
Dorris,dcallanderj8@freewebs.com
Agnese,asteansonj9@ning.com
Dulcy,dhenstridgeja@arizona.edu
Ruthie,rdmytrykjb@bandcamp.com
Cordi,clovewelljc@cafepress.com
Agnola,alunnonjd@sohu.com
Wyatan,wdanseyje@unicef.org
Farrel,fdobbinjf@sogou.com
Dru,dwalpolejg@drupal.org
Rebe,rcoaljh@seattletimes.com
Kelli,kcramondji@yahoo.co.jp
Cecily,cbaconjj@e-recht24.de
Hillary,hguyanjk@vk.com
Jillayne,jellamanjl@addthis.com
Sherry,seusticejm@hao123.com
Silvan,syurkovjn@stumbleupon.com
Ariadne,aharkerjo@g.co
Cullen,cmaesjp@uiuc.edu
Hattie,hferridayjq@netlog.com
Cullen,ctroddenjr@dagondesign.com
Mireille,mvanhovejs@sciencedirect.com
Kakalina,kburlessjt@blogger.com
Hermione,hrichieju@ed.gov
Earl,eharrawayjv@archive.org
Frants,fknowlysjw@livejournal.com
Scarlett,sorryjx@wikimedia.org
Trip,tskewsjy@theguardian.com
Arda,astaggsjz@msn.com
Courtney,cdiluciak0@multiply.com
Carmencita,cmacneelyk1@booking.com
Iormina,ipavlishchevk2@blog.com
Dallon,ddraxfordk3@issuu.com
Dalis,dbristowek4@phoca.cz
Wye,walderseyk5@blogs.com
Florence,fredmillek6@sina.com.cn
Calla,cmikalskik7@sfgate.com
Suellen,svassk8@telegraph.co.uk
Melina,mmartynkak9@booking.com
Garrik,gmarkeka@spiegel.de
Sharleen,sbrumkb@google.com.au
Egon,eeisoldkc@virginia.edu
Kelby,kcleverleykd@mozilla.org
Mohammed,mgumnke@state.gov
Bethina,bgreensitekf@craigslist.org
Kristi,kaltreekg@bigcartel.com
Katti,kdomankh@mediafire.com
Buddie,bsergantki@feedburner.com
Hallsy,hgrigolonkj@photobucket.com
Mallorie,mfendleykk@bigcartel.com
Bret,bbrandskl@jimdo.com
Nyssa,nidelkm@geocities.jp
Mercy,mbrecknockkn@bluehost.com
Karna,kalldridgeko@flickr.com
Alicia,ahighwoodkp@devhub.com
Stacie,sdemitriskq@mit.edu
Ches,cinnskr@irs.gov
Leodora,lscollandks@furl.net
Brendis,bdibartolommeokt@bizjournals.com
Ximenez,xblaydesku@flickr.com
Hubert,hdelahaykv@imgur.com
Spike,smcdonellkw@amazon.co.jp
Dianna,dfairholmekx@sohu.com
Dieter,dpendlingtonky@uol.com.br
Krystle,kklishinkz@bbb.org
Aimil,awolstenholmel0@pagesperso-orange.fr
Krista,kmaguirel1@prlog.org
Alexandro,abautistel2@sohu.com
Bertram,bchazellel3@altervista.org
Gleda,gstotherfieldl4@elpais.com
Elsbeth,emonckl5@macromedia.com
George,gveltmanl6@mail.ru
Tallia,tduffieldl7@facebook.com
Lily,lannearl8@oaic.gov.au
Estelle,ephizackarleyl9@yellowbook.com
Enrika,erothamla@patch.com
Burch,bcapelinlb@comcast.net
Josefina,jmccowanlc@skype.com
Eddie,eisonld@japanpost.jp
Alix,abathamle@studiopress.com
Glenn,gsalernolf@facebook.com
Sully,sgarceslg@ovh.net
Seka,sdannielllh@cornell.edu
Perry,pcoughlanli@alibaba.com
Minnnie,mjozseflj@usatoday.com
Colan,crainvillelk@yahoo.co.jp
Ingmar,ilukasenll@guardian.co.uk
Quinn,qgroganlm@yelp.com
Fayette,fmenichiln@nytimes.com
Halie,hrushelo@slashdot.org
Leon,lebankslp@constantcontact.com
Gertie,gbaigentlq@instagram.com
Pryce,pdonalsonlr@deviantart.com
Hilton,hshavesls@fda.gov
Cherri,cdonohuelt@hatena.ne.jp
Cheslie,cchaucerlu@xinhuanet.com
Gottfried,ggallantlv@phpbb.com
Sigrid,shavenhandlw@businesswire.com
Fancy,fgreystocklx@addthis.com
Bald,bmollenly@foxnews.com
Maren,mjouhandeaulz@t.co
Franky,fwaddoupsm0@networksolutions.com
Ingrid,iagdahlm1@globo.com
Sherwynd,smatchettm2@seattletimes.com
Melinde,mharremam3@illinois.edu
Fabien,fglasm4@jalbum.net
Nikita,nkinclam5@nyu.edu
Bessy,bmanginm6@symantec.com
Leontyne,lemanuellim7@noaa.gov
Queenie,qlarderotm8@zdnet.com
Syman,sdematteim9@nyu.edu
Sholom,sankerma@google.ca
Rochelle,rmaaszmb@nhs.uk
Minny,mgainemc@blogtalkradio.com
Noreen,nvigorsmd@miitbeian.gov.cn
Ainslie,aprestigeme@altervista.org
Chaddie,ccausnettmf@ycombinator.com
Gabby,gpillmg@illinois.edu
Aura,awoodfinemh@hp.com
Dasi,ddepkemi@engadget.com
Dasie,dgleadlemj@ning.com
Anett,ahinzermk@feedburner.com
Fabio,fgroutml@accuweather.com
Jesselyn,jstandbridgemm@moonfruit.com
Erik,elockemn@vinaora.com
Claudian,ccuttlermo@tinyurl.com
Minnnie,mpetrovskymp@cnn.com
Marybeth,mrosetmq@rediff.com
Radcliffe,rsimmillmr@webeden.co.uk
Muhammad,mbowellms@huffingtonpost.com
Lydon,lhartingtonmt@altervista.org
Wolf,wcuphusmu@flavors.me
Walliw,wfollowsmv@pcworld.com
Sara,skerrymw@i2i.jp
Cyb,cdemorenomx@mtv.com
Cheslie,cdoyleymy@ihg.com
Chevy,cburniemz@google.ca
Pammy,pthomkinsn0@bloglines.com
Shannen,ssaulln1@japanpost.jp
Timmie,tjelphsn2@aboutads.info
Harbert,hhawkeswoodn3@forbes.com
Von,viliffen4@soundcloud.com
Ilyse,iklavesn5@techcrunch.com
Adolph,atassakern6@disqus.com
Luther,lstiegern7@dmoz.org
Agnola,ataconn8@youtube.com
Carree,csalternen9@wsj.com
Christoper,cgiovanittina@people.com.cn
Pearce,pscaynb@w3.org
Val,vfinchernc@ihg.com
Minne,mseaversnd@icio.us
Britney,bdifilippone@barnesandnoble.com
Bartie,bjanasnf@ted.com
Aura,abroadbereng@ucsd.edu
Leonid,lgeorgelinnh@oracle.com
Cyrille,cbealsni@indiatimes.com
Jeanie,jkirmannj@mozilla.org
Aeriela,agabernk@altervista.org
Lil,lhigounetnl@wikispaces.com
Tricia,tcliburnnm@spotify.com
Leilah,lmccaynn@ehow.com
Elisabeth,eredfearnno@harvard.edu
Melodie,mbattershallnp@globo.com
Ardith,awarnenq@joomla.org
Brooks,bdittsonnr@theatlantic.com
Ellary,epaddefieldns@bbb.org
Catina,cshavent@geocities.com
West,wzannettinu@apache.org
Arlin,aobyrnenv@nps.gov
Winona,wsalewaynw@spotify.com
Christin,ckinchingtonnx@java.com
Alis,abowcherny@163.com
Pietra,pcasadonz@ted.com
Xylia,xbrakero0@tripadvisor.com
Debera,dleguino1@pen.io
Edmund,ecroydeno2@wordpress.com
Farley,fgalleno3@wsj.com
Heidi,hsalleo4@zimbio.com
Chadwick,cgribbeno5@plala.or.jp
Eberhard,emaylardo6@hexun.com
Ulrikaumeko,uschouto7@accuweather.com
Florian,fnowicko8@skype.com
Alwin,aballaamo9@quantcast.com
Benoite,bpretleyoa@sakura.ne.jp
Darlleen,dolandob@mayoclinic.com
Billi,bclewloweoc@accuweather.com
Guinevere,gromayneod@hubpages.com
Emmit,ebenzingoe@cornell.edu
Ludovico,lgrattageof@wikipedia.org
Josi,jklossog@prweb.com
Solly,smabbittoh@unesco.org
Bradly,blunnonoi@fema.gov
Jasmine,jbonyoj@msu.edu
Mildrid,mblinckhorneok@hexun.com
Heddie,haldersol@abc.net.au
Jarrad,jcobainom@foxnews.com
Clemente,cwymanon@mediafire.com
Nikolas,nlathleiffureoo@fema.gov
Daisey,dkittlesop@hexun.com
Benetta,bshilladayoq@go.com
Patrizio,pthurbornor@bloglovin.com
Leoine,lbeaushawos@joomla.org
Basia,bballanceot@nps.gov
Nanete,nrennoldsou@upenn.edu
Alexia,astapyltonov@princeton.edu
Alina,amcilhoneow@rambler.ru
Bastien,bmadillox@jigsy.com
Shea,sprescottoy@forbes.com
Ida,irenoz@domainmarket.com
Andi,acallwayp0@bbb.org
Galen,gmcgormanp1@cmu.edu
Arnuad,acamfieldp2@sphinn.com
Elisha,ehanckep3@redcross.org
Gretta,gstqueintainp4@theglobeandmail.com
Deanne,dodamsp5@indiegogo.com
Carroll,cbradforthp6@wsj.com
Hermina,hsouthernwoodp7@aboutads.info
Travus,tkleinlererp8@digg.com
Mattie,marbuckelp9@sourceforge.net
Wylie,wmcgillpa@gmpg.org
Bella,bbuzekpb@friendfeed.com
Ashlan,ariddlepc@nhs.uk
Kattie,kwallingtonpd@clickbank.net
Marcelle,mribeype@netvibes.com
Lemmie,lrourkepf@instagram.com
Neile,nfearnsidespg@goodreads.com
Oliver,ohousegoph@mail.ru
Hillyer,hhalpinepi@linkedin.com
Lucien,lboudpj@tinyurl.com
Tadeo,tlawransonpk@techcrunch.com
Barnabas,bfanthampl@webs.com
Reginauld,reilerspm@mysql.com
Flem,fprangleypn@about.me
Ailene,achiecopo@accuweather.com
Jaclin,jrollinspp@bizjournals.com
Nona,nfinnispq@narod.ru
Carlina,cponnsettpr@boston.com
Nedi,nbiernackips@zimbio.com
Ingelbert,ibellonpt@thetimes.co.uk
Odessa,omcgrathpu@acquirethisname.com
Cyril,cmirfinpv@shutterfly.com
Antonin,akaleypw@1und1.de
Sibylla,skeniwellpx@dailymail.co.uk
James,jburchmorepy@sphinn.com
Easter,estansallpz@goodreads.com
Rolf,rbazyletsq0@yelp.com
Dionysus,dkubalq1@apple.com
Elvina,eodamq2@weather.com
Tresa,tgrandhamq3@hostgator.com
Natasha,nhitzmannq4@hubpages.com
Iormina,icockshttq5@shareasale.com
Aeriela,alinnittq6@dot.gov
Mahmud,mcrinageq7@paypal.com
Griff,gavelineq8@example.com
Marline,mcostellowq9@acquirethisname.com
Carver,cguswellqa@sfgate.com
Hewe,hbraemerqb@cnn.com
Raddy,rsanpherqc@yolasite.com
Halimeda,hkynderqd@fc2.com
Ev,emelonbyqe@ft.com
Alie,aropeqf@ftc.gov
Dierdre,drouxqg@gov.uk
Annora,aprophetqh@nifty.com
Milena,mmapstoneqi@bing.com
Prentice,ppardalqj@flickr.com
Orsa,oleveeqk@jigsy.com
Kristina,kethertonql@miitbeian.gov.cn
Smith,sfabbriqm@yellowbook.com
Hobart,hloinesqn@pagesperso-orange.fr
Jarred,jsorrieqo@deliciousdays.com
Susette,senriqueqp@usatoday.com
Dael,dbreslauerqq@auda.org.au
Britt,bgallallyqr@state.tx.us
Minetta,mocodihieqs@acquirethisname.com
Abramo,asilberschatzqt@telegraph.co.uk
Candace,cbellamyqu@samsung.com
Murial,melmerqv@tmall.com
Dolorita,dmacwhirterqw@xinhuanet.com
Neil,nhemphillqx@abc.net.au
Caldwell,cantoniakqy@ask.com
Elonore,eselwoodqz@nydailynews.com
Rhodie,rfrenzlr0@blogspot.com
Emmalynn,edudbridger1@skyrock.com
Martie,mfrearsr2@t-online.de
Pamela,pedmundsr3@oakley.com
Michell,mlondesboroughr4@bbc.co.uk
Ali,ameierr5@blog.com
Ansel,aballardr6@slashdot.org
Lockwood,lschwierr7@dropbox.com
Rodger,rquanr8@mit.edu
Godart,gluckhamr9@jimdo.com
Revkah,rboddingtonra@yale.edu
Queenie,qcabbellrb@ted.com
Dolli,djosofovitzrc@myspace.com
Miriam,mivettrd@forbes.com
Izaak,idytere@rakuten.co.jp
Carol,cjanneyrf@typepad.com
Noach,nruttyrg@umn.edu
Carmella,cmoylanrh@about.com
Allyson,acockittri@google.cn
Janaye,jlanahanrj@networksolutions.com
Elyn,egrayshanrk@home.pl
Jerrine,jwolstencroftrl@so-net.ne.jp
Immanuel,iludlrm@usatoday.com
Ashton,acressarrn@google.fr
Brad,bmeakesro@reddit.com
Stuart,sswatmanrp@baidu.com
Elicia,ebellerrq@ucsd.edu
Blane,bpitmanrr@newsvine.com
